004b397b008753d1779e6598b518a564,der-berg-ruft.de
00a74559089f4446c7a346a7cc1c7eb1,burn-fm.de
01a351e85df62f865697f35455dde055,wize.life
0279567d971a458ff2a50dd42a045cc3,madame.de
02942d33666bde423542dbdd0a4db241,goettinger-tageblatt.de
03a113de88413840e95f8c793af511de,serienzitate.de
041932eccc82eeb49147f7c313904ff6,webaslan.com
042b4e5fc80c1d9fe3b535ca8e351e67,scienceticker.info
04654d14e10e8469d838218d95d422b5,hurriyetaile.com
049f4f9cc18c6224a72791917f058bf8,heimatsport.de
04db0040389bf7632ffca67a09d08adf,wsim.de
061ca0846ddf73dd8d6feafcf59f4c85,news.de
063f66656155ccb5eb5eaa692cd9fc10,wort-suchen.de
07101bf8b5463a31721a83abbc2209bd,neuepresse.de
083b59c025b0cc9c3abda479ecef061e,swp.de
085b973883344861a2a3f7c197b48735,schwaebische-post.de
088a69bddd5ef296dc069a0d5ce8eb76,kiezking.de
09274b1f47b4ee0dcb261c7c9d08bf23,lz.de
0963c394d45c23ef66f2819584bce192,schneidern-naehen.de
0a7acb769aacfe5aa7e855b9611dc723,gmuender-tagespost.de
0a983c58500757f1b4a57fcb90b361f1,sz-online.de
0c2e6d6d2623c68cb99a8ecddf816406,freggers.de
0c9403575fde5d48ac36e53f1c3ff3a0,chip.de
0c977cbf2c1b775af03cf085091f8ad8,nw-job.de
0dbe771325fb5ff3b0d29046d9ce544d,die-besten-100.de
0e650e84aca47cf136c84d09a5f10a77,finanzen.net
0e70e746a24b8f568e28ab8ffe6d75b6,soapspoiler.de
0f4bed45e12fc354cd18482991dd7ace,moz.de
0f8fabec3c414e8e2554f5bdf57fa2bb,flohmarkt.ms
0f9910747e9b16b4644b668ce2768c54,ze.tt
106ddd97dae83841bd3aa1bbbedcdc05,stock-world.de
10979a3aa4f2c20d2f8f0434377beac1,saw-musikwelt.de
10be32864fe436069893e9d670c9e797,handelsblatt.com
10e304197cfa910d1d9ba177bf8ca22d,madsack.de
11f6c191a9590c52730f3dbaaf194bc2,rpr1.de
120a9464fe8ca3f3e60d7c28510c8682,morgenweb.de
12293b7eff2786f8d7f3f19e10ff8dd6,geo.de
138d3d6ab6293e9b5c77a396490fb295,abendzeitung-muenchen.de
13ef66deb24745d3226611ca2fc0708a,prinz.de
14f3ea574c4a60699386acdd8b6e6da8,huffingtonpost.de
152c051fdedb6d50f9e7106ef3b8ce5b,radiohamburg.de
15bac32985d21a18392cf1c7fd3e2e2a,verlagshaus-jaumann.de
16cb886f90ac767c4fe50227428379d8,sat1.de
170bc0e4245a5878ffc3406530140390,spruechetante.de
1721aa7c95e9325e50f82fe4737c68a1,l-mag.de
187da6c2f28fe38a6175409af90e75be,echo-online.de
19552b28675bb107e4d71648fa330e2d,cio.de
1a4baab3c16197a6079eee7f6075788b,geldsparen.de
1abf07f4e792e3a27b72828cfdfb30c3,googlesyndication.com
1ac5a362c970c86a95f28a388d5c9b54,radio.de
1ae8590fcb66d326910fb29c02ec9424,speedweek.com
1c64199a1c2a8725ea18e3c36297ad7e,rtv.de
1d47b6105a1a07625216c8930726770a,comicforum.de
1e4ea23a43c5f6a8162dcd0f0f0e7f95,allgaeuhit.de
1e8222195b4406b26c4570d153e6ab8a,ln-online.de
1f6dc00cc699c292a217a2aa580c3fd3,suedkurier.de
1f795457c393aa60cfb28fb675cc65ef,rockantenne.de
1fa1ece3b53e6e31b4ee378ae0a5bf28,epochtimes.de
20660d7703029a283efb96de68e027da,wolfenbuetteler-zeitung.de
208ebb68095af62252b6d71c22d92578,pflanzenbestimmung.info
20c103a3e2cb0f35edaaf34bd8ec8b9e,landespresseportal.de
212d6307a105470c7342dcda93b82b46,t-online.de
214fe78f3c3d360ffa75977dc0eb17a9,dokus4.me
2157dcbdb9137cee7127ce51dac8bccc,lifeline.de
216438c7c5534f42a3a0f2853e9fb5e1,aktuelle-news.com
21b7409bdfe36b0d5c507d2dbf0be672,op-marburg.de
21c672ed2718b207d778f3e85f81e3bf,partyzettel.de
22a46e0c1e1b7ace117865864887cdd7,immo38.de
22e3dbb937f0ed826ddc220dcdb9e9a6,iatacodes.de
231d5950e737a779da06b1a8388c2e4f,kununu.com
235ea6e0f314ebd63053dac655b1a25c,top10berlin.de
2389c056a051c1e52c14ef84c86837e1,markus-agerer.de
23962215eccc5ad5efacc5c758e8afd2,speedtreff.de
23b1b0f884e6f371d0ac35bb23ebea0e,waz-online.de
2442f2df1a061ac00adbf49f639a9e6c,lkz.de
247ac643ab68f1fd0a00d7cbfbd40624,nachrichten.de
24b2f07f9781400de5f818599e44919c,9monate.de
24bd0e7ce2ecf8e77ead7a0cdf742163,ovb-online.de
250f929bae3e350a0e11199e8a539725,eatsmarter.de
263b9d5034c471f7395941cc87e100d8,posta.com.tr
269fb276152da43a7add001be8afd073,fitrechner.de
27057af25ceedd65c0b7dcfff85ae3fd,eltern.de
2732c73df99f08b278351c0dc88186a8,etcg.de
2802c5994f1969748dc66d594dfc3796,tikonline.de
29f174322eaeaf2982a5f9d9ee38e7c4,ntz.de
2a92924441c6eeea666b6744cb1a734e,wetter.de
2ae342d3b47fca48514f9dcb8c84f3fa,insidegames.ch
2c29ba31c28cb2c8367fc748725d2d1f,playnation.de
2c77d93f4ab7e9b8a58968e6f9707b35,mein-mmo.de
2c850693a63d50516e6d21eae86d0e7e,sueddeutsche.de
2d116c9a773981cf12985261687a898f,schnapp.de
2d146784b6dd457bb9006a3b24daadd7,bmi-rechner.net
2d556a4e90407eab079e09c56099739d,stellenanzeigen.de
2d72e203101d03271e1a66e872c172d8,sportbuzzer.de
2e452e432dd179d0db0c233cafe9a301,guertelrose-infektion.de
2f2ad764ac00d450ae9d19129cb0d869,kraichgau.news
301739438fc3012ad3aefb795162f461,golem.de
3033235d31eb5b5eb151c4126c7084b1,wetter.com
3040de9ed8817763be35f0e89acb4c84,kn-jobs.de
30ce10111fa86e1fed69745e02212dc4,meinestadt.de
3137d437ff4f87ec374b6047948eb1f4,wer-weiss-was.de
318a3c6ceb97aefcaccff9024c7d7141,nordbayern.de
31faac9a21b27d5702abc93d00618a15,taunus-zeitung.de
321597813f93ffb5087d874114d32a56,huffpost.com
32a0eafe8e57e881a469724d41ad78ea,stern.de
32f1b226f818009ed99d939130e07fc1,maclife.de
335c700a32a726dd1cd5141ac4f43d33,724trucks.de
33683347cf57c76a2010585f12fd0ba1,traumhochzeit.com
33924569dbe57d658e0065d02deea6cb,braunschweiger-zeitung.de
33f49391f573d306a1a95a4b3ca5901a,regio-news.de
34bcb089495650cc5af332e6b807bdd0,bergedorfer-zeitung.de
34d1ca32b8cd595e2a0a7b1f5e343796,fem.com
35e8b8fdee5ff4b9a80914514ba70d24,consolero.de
363e8ca8aa807f86b6b6944f9eb28349,autogasvergleich.de
364dbea9c76c7a84c6d19c5abc14ff7f,usinger-anzeiger.de
3667d09fd0e0212185f1972a57c62961,manager-magazin.de
36c4a194a362bd0f861d2f23ea329f8e,computerwoche.de
36eed8ed07a6f947f1f54cce60f78754,antenne1.de
381576ccab315675236d08fea492dfa6,splashcomics.de
3883a68cd140f5f1cd02570abb2928f9,cinema.de
38bcb13dd75fd63ce037784ad38e0992,windinfo.eu
39532192aaad8fad6762a33473f2881b,dance-charts.de
39d2a42c58037a30dfd7ac037944ec9e,focus.de
39d5293fc9e6f9edb533d56748abb499,weihnachtsmaerkte-in-deutschland.de
3a69f162a746d14de058bb13d71846c0,maz-online.de
3c3280adee883a37e4e1c0d0a370b652,hurriyet.com.tr
3c3abf0c181b024984de500cbd728313,obermain.de
3c87ba552006b3c55d175b20f9bdbb73,szlz.de
3d9cb98699714f070b2f52e1a2a1d679,ekitchen.de
3dabbb3a0274042a02c70dea92367f1d,quizshow-trainingslager.de
3e3292cc1460188c0ddd2ee44ba8864f,11freunde.de
3e4b20bb8a6c712f5d2245238adad823,travelbook.de
3e8104ba3614349614636771c5073c6a,donaukurier.de
3e83de68806e956eb491ed073d6c2a34,stylebook.de
3f4d0cde9ce812acf90345ab20e89d5b,schimmel-hilfe.com
3f5d73399f910523087033e1d8970109,antennethueringen.de
3f7db7df556c461e43fbf6780771b012,xmaker.de
3f8367cfa0715e2fcd1adf9299e03683,lachts.net
3f9bd13e4b249180e0169bef89782be4,deluxemusic.tv
4074beb4557521c3b708aed387812df6,heimatzeitung.de
40edb4e2e2a290797eadf762fb82f80f,freiepresse.de
41a06f4ea6057365392f337630cea2a0,pennergame.de
43ecbfb4f041bff5f25f6b4b32378676,schwertkriege.de
443587d757ba7c12b3d94cd1be473041,androidmag.de
44c203db26c2cf9a3c6f39070a53478e,unixtime.de
45239cab3b8b9bcb2c33ebd2fda2b94e,salzgitter-zeitung.de
454cdffcc7778c3eb8684155e5f94292,schwarzwaelder-bote.de
458331b1a242f2b739d38a0434bb1288,marbacher-zeitung.de
45b99baeddc77697f4cfd1af83bd0d87,reviersport.de
45f1d4d9caea6b02399e411f84bbfd70,pkw-tarif.de
46441d0facaf48107b626509d223bf9e,fitness-kueche.de
46ed2e5e9997322783a2479d806436be,fussball-in-bw.de
48384814a062e5a822df0ee09f73a053,spiegel.de
483bc18841309b505bb537fcedcaf09f,brieffreunde.org
483c4d6266107f1b7d0336bd78523316,tvdigital.de
48633e48eb244d075d8805c30574a6d9,web4health.info
48eb1f0c86625cc97eadecd663aac2aa,724auto.de
491877b3361b062c18459000b10849c0,rhoenundsaalepost.de
4929423475fe840f8dc10b7f01c184bb,sammelkatze.de
4a40a0b6ebe7e190fe5b4c4455a4887e,addicted-sports.com
4a4acb98c1cd225ad7547e4c57282ede,doppelpass-online.de
4b10539d94c2c45cde67b3b33eb3dc2d,vitamindmangel.net
4b57d022d8ccac5e6279dfb9a7d3773f,outspoken.de
4b8c4c3603872bd47d6a664c43d0945b,chat4free.de
4b901394b1404d024ce3654915da8b71,1kdailyprofit.biz
4baeed1ab5d86772ad5881d72713c9e8,anitalk.de
4bb65a170439fd4725f19d3e33158edf,e90-forum.de
4c9ba4282c863a3f36178c10777ef103,np-coburg.de
4d909c436deabc4a0d3bee3af5c9a506,tvspielfilm.de
4dd6ab554eda001612a745852907fd31,comunio.de
4e0d18d986f4176d72606e078e6ef09f,rsa-sachsen.de
4eb680940f58e7123777b3ed547d46ec,welt.de
4ec194c959c60bde238c1a9cc8300562,westfalen-blatt.de
4f07d99b021a176a5d0bb1b97d2a25d7,badische-zeitung.de
501b1cc5e06d217757100150b5071786,stimme.de
508a9f96a27cf2290a64b0cb0d873fce,brigitte.de
50c94f847d69e80a1725ab0203ee0cc8,digital-eliteboard.com
50d99e79f438bb9c542b6f5df54e926f,nwzonline.de
51eb4dc01af2e4c52e8c4675147dffec,tellows.de
52f8e89c675c782af492fad11e9e56d3,promipool.de
541b9867f37b79bbe0945b9f22a18447,vorschauxxl.de
549c015dfe86e9e3b47deb65cbcd02e0,myzitate.de
54f93004a6adbf57fd086bd3d7464d87,triff-chemnitz.de
55207e40537d85be7eda0747ce261db7,lexpark.biz
557981ae0f307a92b08e7c13dea7cd6a,mt.de
56175ff7efd1d532def52da739cd9fbd,krzbb.de
56437ac409a19bdcd36894751402cec5,harzfriends.de
573332230ce68ea91244cf6dccf25ca9,reutlinger-wochenblatt.de
575e530091bf980d5ce062854a675bea,sims4.eu
57a8718d7472f68885a8212e1ebbbf8e,insuedthueringen.de
58a637903fc5307dfdc86d77a254f67f,general-anzeiger-bonn.de
59bcae0180ea607697a5cfad45a7165e,areamobile.de
5a0594547919c0dc83e0759898e75dca,fanatik.com.tr
5ac037d9dec5ac16b2645c7bf7896da9,clever-tanken.de
5af7827beb812220574783ad6a51c727,rtl.de
5af7d04985ccb8dba85cce96ecf04cca,sport1.de
5b30d7be9163ff752e94a1cfffeb481e,bigkarriere.de
5ce5be0d03f80bea4724b622cc18d255,browsergames.info
5d227f38bf557fcce3b7ee0082ad6419,wie-sagt-man-noch.de
603b95f0a2ad0914120797613d6a3d8f,burdastyle.de
60c44b9a7f6ed247978361f8fc2c49e1,zeckenstich.net
610dbff0b2b6b751830cd3c0af319fbf,haz.de
61809d9405c7b2a1f54d93ad29be0138,amica.de
629a5e42b088b9891e3bc9a6b2aa04ec,flaggenbilder.de
63402ad1f733e00824bbed0829bc3419,kotzendes-einhorn.de
6357af8cd535955cdcef855d028d2cb0,rheinische-anzeigenblaetter.de
63bed53b1757f45030c7911f8b4c178a,5.159.57.179
643b460f7e2dae10146f62d23638acdc,wieistmeineip.de
655a99cc457082bb11c4d757a0cd4dbe,lr-online.de
65625a4d47fc1ff85e6e8d623f843d07,elektronik-star.de
668329f808deccaad56507df691dfb80,sz-jobs.de
669b310e58f92b50a2d46b0b23cc3d0c,bullybase.de
66a0594cca3bf8ccfb36873d3e837130,schwangerschaftszeit.de
66b6631d242d3b996f75d7c744244e29,ok.de
670ca1c0b3733f3ab97ba3e718dda0b4,eu-neuwagen.de
672646cb7760dce8be44e1166ebde146,ja-pics.net
673f5bc97d0062f1478ac045ce2de804,thueringer-allgemeine.de
6762aa58d2a8771ad73896935a4fab12,formel1.de
67dc6cdbd1b97e671fa96d3534c11b73,lampertheimer-zeitung.de
684f0e11b30050645139c846888225e1,spielesite.com
68b329da9893e34099c7d8ad5cb9c940,
68ffccb3bb84e070829888534d6d34d2,lz-job.de
6977219f938987bf5fed5d1388c1ead1,autobild.de
698c6f1979fdf1340748b9848db9f3ee,lvz.de
69efea6257aa34fb822f3325ce4cb45a,cafe-lingua.de
6be2edd12a82b38c2b6fa639dab573ff,ostern-in-deutschland.de
6c3d465c30d1e7044e1f008f778554e0,pcmasters.de
6c8693833229916bd6fec60d781111e7,gala.de
6cf5f9b1750c1914144c917b64272900,meinflirtchat.de
6cf6318f569f25a9f014d9a6948cc7b5,mmo-spy.de
6d20996e0a0da1b4eb867d988970dd73,superfb.com
6f2efcd5a06aea29bedf268bd1693172,kn-online.de
6fdc69281cddcc0259b82a29ee4e145a,chefkoch.de
6fe97572258d8b39161b369afa34f1cd,prosieben.de
70a9ecea8cca961e47b5920035af2d0e,teleboerse.de
70bf3970ecf9bf7d55077ed169982f95,gamestar.de
71c8836f0c52de44145beda1c77ecdaa,pafnet.de
71d83c2a991c8b9a4d8a1d26663bd2e8,sixx.de
73dcb19ba709d331a34225a3b36083f7,scharlach-info.de
74c75e30eb2a7847bfd0465623929562,stuttgarter-zeitung.de
7528dca1c29ba2fb250b297a3aaf097a,clipart-kiste.de
753a86964a9581cab3ac1fce9d7ecd7f,alopezie.de
755e20cfa15e4e8eaeb78515755f651d,fudder.de
7756dad7e7f26fbaa8371eb566652829,nq-online.de
780d9731953bd229c81c0d2eba42376b,immowelt.de
78c3dfef7518bbf878ea6d50463ca7f7,bz-ticket.de
7987755e5a2a71b0263cccee529c21ca,essen-und-trinken.de
7a42360f4baea48e85543fe8e4aa4d71,deutsch-tuerkische-nachrichten.de
7ad7c9ce4e638a1e5353d2a1b040a197,nnp.de
7b0b1e8e795f21dfc7b1e8717af9ab96,idg.ipx
7b1a137b613b1f06b00d8362fc2de92c,fnp.de
7b5cd9247f08d47d8836a3aa43dce63a,str8ts.de
7c411ea3fdec4ea3fc0c0fc02c51ea40,preisboss.de
7c9c22a3119821e8a7c3b3ca4c97754d,dailymail.co.uk
7cf2437a7829ad43e9863cc0011af4e9,hausarbeiten.de
7e93ad554167e2dd3b0631dd9645f3b7,maschinenbau-wissen.de
7f1cbf5d6429c5e82c035c51cef96910,medizinfo.de
7fb8b2e48c66fcd97d9a1d4492bc5fc7,cashinonbanners.com
80cb48a54425438ff4230e01bb464c49,pferdeforum.com
80dfbcb3dce1fcae65991e1f15ac3d09,webradio.de
81238f46d08b21c67f80c582d3df7503,4fansites.de
81607379a315bf820becae77ab39cdf4,frankenpost.de
819230373eea327df9bec2054d12a438,123recht.net
81a4e175eba2e6ddc8d2df9fd22fc7a6,ruesselsheimer-echo.de
828e5cf6d5230e085b47d321eddaea02,shortnews.de
82b63c3c6e436d379006e9dbf9b296f9,weser-kurier.de
83089a58c4a19e25b15faf058764e026,n-tv.de
83ced45045ad28257a6ea2f0925ca1ac,juliensblog.tv
848d16fd432f4d910c28b615179ae935,firmenpresse.de
84914b0867d8da7123e1afd164cda54c,rtlnitro.de
84e5bc318713694826c12afeb8ba3e3a,livingathome.de
84fde0d10a1258198f30774137ce441d,wn.de
85066c537a5d70168a5f9087d97276e5,e46-forum.de
85717d9f122ba1cbd3af886d10c8d4f3,rnd-live.de
859658994a4e8706f3adc1de42e5e206,spin.de
8608130b055b0c8985fbe00736ad09ae,radio-siegen.de
883fb80765d9505421287bddeed2e3ce,radiokoeln.de
884278e3757203f3bb8ee5192856d901,schoener-wohnen.de
88a19d6d2285ef9b07d495d744726e48,archive.org
8966b069f9d435d4b95bd03a0f4fe285,norddeutschland-urlaub.com
89a3cb2abe6a13f93679db6cf53404e7,patientenfragen.net
8a46a2deafb9da9796dd1ddef9d68faa,frauenzimmer.de
8a85c3ba9717f7773aa9dd09799307fe,blinker.de
8b2464db587278172d4e03ca3d29a02d,die-goetter.de
8b7b8b9fab628d61b40e138ad77c2c16,holidaycheck.de
8c1dd687faba4b44cc080a3653589b36,hertener-allgemeine.de
8ce7dc6e64e5f77a608a6c3e63ad8466,arbeitslosengeld-2.de
8d87fcb8fbfd280ab9e7d45d49dbf713,mad-prd-frontend.azurewebsites.net
8e3b6e6248ee14c60417c779cfded62f,crossdrone.de
8eecfd692f63b9073223d269c1f7e4a0,aktiencheck.de
8ef025122d0783f9810f0feb59e4f039,gewinde-normen.de
8eff6ae718555975e4e582d954b6c13e,areagames.de
8f14cb89a8a8fc93b1388f31b2316610,femineo.de
8fc0e51be716082d4524e29e9243b6a7,businesspress24.com
90208b085b708e4423bcb34686bde539,dict.cc
906d9a644613df5342cc9bb351ef72c2,gewinnspiele-markt.de
90b3733a2d60eecce1e89ce8bcafe2f6,galileo.tv
90bc142f938b2ab520c61de5b34e6d91,reimemaschine.de
91471499759b896b370421c24a80709d,tecchannel.de
9166e3427007a2765073b96de82ba33b,pnp.de
91b21a09f3e88d625672d78570d3dc74,mittelbayerische.de
937323a99fdaa1810c103611c098294d,htaccess.it
93b91e8c5f5b7feec0ecdc2be44fd809,die-mehrwertsteuer.de
943f6296012b4144b067d9ffc3e8319e,nullfuenfmixedzone.de
94fd2c2ab843789bdb588235bebd430b,volksfreund.de
95036ced7b6d1ead6807494ab33432d8,ag-mad-dev-frontend.azurewebsites.net
9519d89cd28f6428e90f034826cb1d06,thueringen24.de
9525ae940e706e83e06699dd8de241c2,wiponews.de
953dc3d58e42bbe29500ba9e45cbef9c,techniker-forum.de
95f0981a93f8edc5626bbec63027c6ca,playboy.de
96112be78c8ad4a6057b57153213d651,crossmoto.de
9682dc91d3a5e20418d832efe36731a0,chat2000.de
974b289f26031095b6815e1e1291ea34,wiesbadener-kurier.de
9790883011b587b9237b1bf7e08f27f2,mp3.de
987df82347eca710a6bdcd9edb3de8d9,bbheute.de
98829af816ff484a59b8be05da003f27,jolie.de
98a749c2370679253e01186535082af7,infranken.de
9939b89bc25eecdaeb444e3b7405eb00,zeit.de
99f0804e01d0e715789626dcd7c47781,tuningracers.de
9a1998fd9039b7cc591fd447126f74bf,computerbild.de
9a62dbbfbda1e2e1902ab04d1f2aa7e0,nw.de
9aaa497bd2aab88425ffb8153cc94e3b,bigfm.de
9af4459b9356e95f46277378b64be3b2,karakartal.com
9bc16405ba9e6a339793343e21b7efee,nordkurier.de
9c80b64921138eae763f7af93ea313a4,dattelner-morgenpost.de
9cb4d6b97bbbdc09abc91c50cf8a3827,wirtschaft-regional.de
9cd95c70a36ecfe3c4bbf278145dfbb3,mittelhessen.de
9d9b015881ace46e96befcab7e774621,radioerft.de
9da5a7a56ccfd5e90d95633373c7ce9a,idowa.de
9ef914c875f7876fbbe691f903891d9f,denksport-raetsel.de
a07fc32c86018c83db99a990cf23a116,fitforfun.de
a0d062eee1d004efd3f676085b99fb1f,maedchen.de
a1190007192938146f51f8a237fdd2d6,otz.de
a164841acef169c6fe323b5930ab717e,ostsee-zeitung.de
a21625167e91157ba19c1374b1624ba4,kabeleins.de
a216b0387a5f49e8589dfe2837178c45,21-jump.com
a2c298f89d57eef59db89721fa47b4ab,milliyet.com.tr
a3bb90b5e18053b0de297bedc5666dbd,yp-berlin.de
a3dbf0779840e313ccb80de486ed3836,thrombozyten-info.de
a53454d0b9ef36c0c38d51fd46b48d51,hz-online.de
a5a661e4363af3b0f6266bce91a8e507,morgenpost.de
a69852c616a379d808a929b82f043756,mogelpower.de
a6e59a58c857ea7cb4feacce91ac860a,peketec.de
a82bbb9b63da49e5f1895ccf00888471,kornwestheimer-zeitung.de
a8e496f9a8c5fc5224bcd4396ee1f572,wiesbadener-tagblatt.de
a90ed5c5a46f8f46945afb1858618d83,beautynails-forum.de
a91cbd8c4e457e90d2a2896e8887e352,tlz.de
a94df862b9c9ce44cc62a2d6559374f6,viralshare.de
aaec4a39e2ffc6a5a0fa90a28434e120,wintotal.de
abad26ce5f2b67463495310419baf3fa,mt-job.de
ac5cc2713254b573f76532281dcf52d6,meinchat.de
ae064413d38357795cfc3f2cba854de9,noz.de
ae43b62033ff424e97e911ca561b8fed,giessener-anzeiger.de
ae4e4939638c8278b1cca786e086d80a,buerstaedter-zeitung.de
af063b4002b4bcaa8d9cdb724d171488,soccerscout.net
af5b31aeee8675755c084814a2a94d13,lahrer-zeitung.de
aff7ff7bacdf8c19bead6c00dde076d4,winnegirl.de
b04a53ad310deeb37e6e512568378939,mydoc.de
b0a191fc19578ba26a9026a41cc3efb4,stargames.com
b0eb7ad281977fae515aab059e2fced4,pz-news.de
b136b959a1fc170c8e4bded32966bbde,antenne.de
b1af663f821f1fd4a95ea6d52e107950,autoplenum.de
b1beef36d7b6161c2d528275127718b7,anime-junkies.tv
b213fd5ec1e1091cf16006a2fe857d2c,stadtfeste-in-deutschland.de
b28c600414bacf6ebde457db0b815003,forumprofi.de
b2d1e0874d2e47c8100ef87c539111c6,bz-berlin.de
b30eb5f4a0e93aa801a9466544c0ce02,f30-forum.de
b3752f4ce5ce9c0176bfe271a7e35083,zvw.de
b3eb9fef5f8e765c66d2213bf986cc69,inselcompany3.de
b40ddf32e9bac4ea9f822fa5b854f8c9,jam.fm
b4641ab42b813a3b78a55477c3975641,sr-nexus.de
b52b86b6a7ac2d8be76435cdb60d2212,familie.de
b5ac551d41d2085ab549410f46bf436a,qualimedic.de
b641225aceaaf9022abf99121244f6a3,dnn.de
b6476cf07f5f666fcfd9570a9e5063d8,augsburger-allgemeine.de
b76af2fab77a8bd6ad7224d862721058,torgranate-rhein-main.de
b828eaa15738f55990466f5a505cb738,torgauerzeitung.com
b8419160170a41ae01abab13a3b887df,localhost
b944b21157ef1e805a981c2aa444468b,immosbb.de
b9a66af53703baac2879b339f8623eb8,kochbar.de
b9a7f7520c1b469b95dbbb4cd15043c4,gaeubote.de
b9c68fa10dd6f95cd3f414e7396cd17e,visuscreen.de
ba1665f38f6dc1a9382298166c5006f7,aachener-zeitung.de
ba90a749a089dc04eff291ed3a7f3c56,stuttgarter-nachrichten.de
baa566ce2ac397cb875969012c247183,testedich.de
bc43d3059804c69317c88b04caf1d95f,volksfeste-in-deutschland.de
bc941988f115ba42f5294c7377a30c5a,businessinsider.de
bcbcdd781aeeaab93e3f5fd15391f141,cineclub.de
bd1af6b895bb6e482b8892e1229f07f7,kaufda.de
bd1d4203cb967ff9f08397818db78bd2,planetsocial.de
bf7440f04a5624393d7d47f00321c88d,anime2you.de
c01ba6968cdb572c769e96793b01c2d1,perfonspot.com
c0593e4af2166d191ff208b81faefd83,deutsche-rechtschreibung.org
c0e1ee34f3489046b3ea1de2d35a040b,f10-forum.de
c1152791ddc4ece3c4f789e6bbad8878,medizin-netz.de
c293737aed816da627355895e2bf131d,funfire.de
c2b0c1cf81b3a0bc03eda6550be3c326,planet-liebe.de
c35b6db257158c6c0be97d3b3ec24935,bild.de
c36d57fa8d557dc2402440da61974484,moviepilot.de
c4380be09e1704edfcd5b38ade43f08b,sms-verschicken.com
c5f5d3d8a82e06fde31d9d8d125abc87,westline.de
c610a5db1aa857bb538388e607c40c5b,neuwagen.de
c6a6c3edb3ef5fd156016b274f884cfb,rp-online.de
c791fb7962fd856363266a0b5fabfd59,vorname.com
c89f7af1556e225ecccc0b34dd55ca8a,fr.de
c8d70f3016b322c7d618493487cce268,kinonews.de
c91c1d73b1d5bdd70a95aa6ebd4c040d,marktspiegel-verlag.de
ca150a895a56ab1508f3e852a702d076,wiwo.de
cae8fe5d5aceb3acedef117d986c126c,urbia.de
cb2b75a2e49e767a570ae4a01f9ba273,jetzt.de
cb68678a7dd2a7016f8f879f69ed3979,gigrawars.de
ccab512f0a03fc4f46a709e9b6a21311,mittelstandcafe.de
cccbba3ee4246f57fa6bb67b3af2d8fb,bolly-wood.de
cd79d2e2909fd857d21fd4a545e5ed04,virtualnights.com
ce2b53d6498b57652721324524e84800,wz.de
ce8aa66a6025ce017d6aedfcbb88aa52,phonostar.de
cf2bb6543077fbc4c643b51dd2b79c98,motorsport-total.com
cf531e5eafc629cc1dba3bbb88cf3e82,clipfish.de
d07ce341afc9f312aa4927019934da6a,unser38.de
d09af07b31021226f0e64f27c577aae3,pons.com
d0aa0e25581228a311e9f942a8a9a280,ruhrnachrichten.de
d18f08913e09b7ae4959240fbfd5be60,news38.de
d239000b1907fd0b5535ef8e73e2ac27,tvtv.de
d2f074b093f707f218f6a06081fd4074,fupa.net
d312732e326a80c4370c698cbb6e3761,trennungsschmerzen.de
d35395a6cf58dd61f3de01ab30391089,psychic.de
d3b0fb8de82c0db3c72754b462338a08,adscale.de
d3f9b462321b1ee7310468ad0daf7ac1,gamepro.de
d40efefe9b12fb175a2401a5f8cae006,raetsel-hilfe.de
d4760f6fe42b9d926a9d65402770fbc6,zvg-online.net
d4a7e91416a030fe0f392f30130ca17d,songtexte.com
d55be0078699ff49e96485067ac75607,schwaebische.de
d5c8dfe5931e786aad3eae1f762b46be,googleadservices.com
d6c1fff4d8397557c68a68f7b1cc7960,dreamies.de
d6c9a7064d3f2563e4dbb71fce0ae220,spektrum.de
d7c8a187dba1cf181cebea1358848814,leonberger-kreiszeitung.de
d80efd2f6fca918ac7119cc68efc67c5,planet3dnow.de
d890741569827aec4a225a471defb0af,apfeltalk.de
d8e1c76ce37945f5e4633b1f79dcfac5,lustich.de
d8ebf8b49918b56394a6912eaec3c174,ndz.de
d8fbf64835f8a1eff18e365e445ed2ee,itiko.de
d95cbc13c22741a4ff60ff20ff3b2504,sprueche-suche.de
d9aa74ac5c3762c8940d5bfd8a6c00ec,noizz.de
daee97f6e12a1fcf196c78cf7b29abce,vip.de
db1185887a24c2b2a892995454ff395b,wow-forum.com
dbf4896c07b9322ccaac00841f6f9257,wunderkessel.de
dc1874327e7e7919a19c1b7d2efc4874,sporttotal.tv
dc5e64d0eaea43db8551ce8e937c9170,prosiebenmaxx.de
dc6634342d110cbd2525d474303d1336,regioerlebnis.de
ddaaa0a242fde8fc81419e07f5c6abb0,goldseiten.de
ddcb43360da098bc03523221865af556,fachwerk.de
dea1fda203b763d95faa985e13550632,quizaction.de
dea86a86c8f7db83440b38794ce8e4bc,happy-spots.de
df2158d2e94cbffca7b35e2221377298,radio-vhr.de
dfb9d504660c9d9cf9f96dfd2455efe2,finanzen100.de
dfead8cc47e4b11f3d7c6c0b253a2074,hassfurter-tagblatt.de
dfffc735f703ab6159adfc7eda1e8546,grand-canyon.de
e0e4dfa0eb94effb905d0eb987419351,radiosaw.de
e0fc3d041bb276887cec571de88dbac6,mondkalender-online.de
e1e1b5fddef820f862298924aab83903,goslarsche.de
e27e6ba8a5f7786a8d164351d7600b7a,touchportal.de
e2d2194dc81fb98b850edeef8e25681a,ariva.de
e2ebe61f4c5490f21261e71ebb714036,doubleclick.net
e3330e22a3cb568a9452d537e4ded9c6,triathlon.de
e3e81b17cb32325a4855e224ab114718,rtl2.de
e3ef8c43e2f2c73623a92faa63d0bad8,runen.net
e41f460029d947b5c8e76433547f2234,mypolonia.de
e457242896381bf94952cf9b39965053,tvtoday.de
e548c7ed6238c985f96819cc4245a55b,octavia-rs.com
e5abc1ca69af6aab0c6e02308082b794,abendblatt.de
e63d647e04da014ca49e35fc2676cfed,regenbogen.de
e64e749c4e1ceecaf466b9c4ae334d64,play3.de
e6bd5887af83e934435bd2a397e18e97,volksstimme.de
e7aaa323f5a6eb4c8674af834d427ee4,stimmt.de
e82cdaa04bfc51581b588a3a8bc8a62d,jameda.de
e833e752cb2a63609245e97bad281246,technisches-zeichnen.net
e884766d346e69c009c7359f6d3bf8d6,hoerzu.de
e8e5688021c738694818e38ba75fefb8,rheinpfalz.de
e929015eafd19cf20b62a2268985bfc9,nonstopnews.de
e95d0ac8db9414b7f49a6f169af0a569,pixelio.de
e9aaa08325932f8c22b9db078ec852c0,salue.de
e9c5250705b4a9d7f240434e8936eb25,ran.de
ea1fc941e031cf342ba99ce830bb45e5,sat1gold.de
eac4e15458cbbc7ba64687c9a68e8b6f,mazjobs.de
eb52af993e0c52e25d4a1a49cfef912b,filmzitate.de
ec83b73bd995cc8874678d17e4d88568,zvw-immo.de
ed807a1cce2ce8ad43950cface8d0383,weather.com
eeeccd78744f8357fc1f25780d4df8b0,lokalkompass.de
ef30fe53367864a90fc3e4176018b0a5,mainpost.de
ef57b4d02ea74c6305bbee0ca1523423,sporx.com
efdc625074c519532883758da12cd304,netmoms.de
eff7b0d6633b35af85a1ea13c551afd3,dragosien.de
f0066b07b78b1dbaacfdf685e0756be6,sn-online.de
f0938a870260bda54c46fedd1d8b7559,worldsoffood.de
f218233cdee2fb04140042d4eff768d3,dr-gumpert.de
f2520fc15439bb4461e64a16c1fbe7b9,business-punk.com
f331b717dfe6166aa806b2c3fa5ed8cc,filmstarts.de
f35c3bb53ced7f7e68910068078e355f,rautemusik.fm
f42cbb86447c4725882755692dd453c6,bildspielt.de
f46fe9b68b33e375d047ff0c94a23aa9,xxlscore.de
f4747eadd4cb5ac136b2a6bae8967c03,sabah.com.tr
f476ca3aa0c0f8999304904c14c41ad6,gazetevatan.com
f5a6f4649555ea546663de9e2fda221b,nordbayerischer-kurier.de
f5b8d60397da28255c681551a38de93e,allgemeine-zeitung.de
f6007afeffcf5c19824260370756c9ed,sport.de
f65440cab20c88525c0782831aec24ff,gesuendernet.de
f68a598f537d0bc4836463bccf4eaab0,pietsmiet.de
f6cb64f0b8c0165210248ff9876e5533,zimmerpflanzen-faq.de
f788d5c501eef2eba79dfea953c98eb3,onlinewelten.com
f829ba1386e6412d1dbd2839b56d0b4e,haz-job.de
f9482e4e5478c163545ea4dca652069a,goodnews4.de
f97a548d3d962e0b22a2d817c2c75318,faz.net
f9cbc92cdc89efb4d1fe60e9d7806538,wetter.info
fa0fca7fdd589d4f47f9933e2b8267f0,vox.de
fa0ff35be5d89fe9538275200f1462ea,724gesundheit.de
fbc65c885b36a5b0499d29eef51e8855,transfermarkt.de
fbcbe7bfddea8481631bcb1a7e20854e,hockeyweb.de
fd8ca673f4c8b37f93ce7291b2dda1de,hamburg.de
fec97b21ffb6a2fb7cace59cee8941c7,wormser-zeitung.de
fef930f2b148e70255937d427c1b190d,eishockeynews.de
